{"cameraMode":{"drawMode":0,"name":"Shaded","section":"Shading Mode"},"sceneLighting":false,"audioPlay":false,"sceneViewState":{"showFog":true,"showMaterialUpdate":false,"showSkybox":true,"showFlares":true,"showImageEffects":true,"showParticleSystems":true},"in2DMode":false,"pivot":{"x":973.11474609375,"y":572.8218994140625,"z":-170.32040405273438},"rotation":{"x":-0.031803619116544726,"y":-0.00689904298633337,"z":0.00021955385454930365,"w":-0.9994703531265259},"size":806.4356079101563,"orthographic":false}